[{"model": "admin.logentry", "pk": 1, "fields": {"action_time": "2023-12-05T21:07:30.788Z", "user": 1, "content_type": 10, "object_id": "1", "object_repr": "팀", "action_flag": 1, "change_message": "[{\"added\": {}}]"}}, {"model": "admin.logentry", "pk": 2, "fields": {"action_time": "2023-12-05T21:07:33.760Z", "user": 1, "content_type": 10, "object_id": "2", "object_repr": "개인", "action_flag": 1, "change_message": "[{\"added\": {}}]"}}, {"model": "admin.logentry", "pk": 3, "fields": {"action_time": "2023-12-05T21:07:37.120Z", "user": 1, "content_type": 9, "object_id": "1", "object_repr": "대면", "action_flag": 1, "change_message": "[{\"added\": {}}]"}}, {"model": "admin.logentry", "pk": 4, "fields": {"action_time": "2023-12-05T21:07:40.352Z", "user": 1, "content_type": 9, "object_id": "2", "object_repr": "비대면", "action_flag": 1, "change_message": "[{\"added\": {}}]"}}, {"model": "admin.logentry", "pk": 5, "fields": {"action_time": "2023-12-05T21:07:47.239Z", "user": 1, "content_type": 9, "object_id": "3", "object_repr": "e-러닝", "action_flag": 1, "change_message": "[{\"added\": {}}]"}}, {"model": "admin.logentry", "pk": 6, "fields": {"action_time": "2023-12-05T21:07:53.253Z", "user": 1, "content_type": 9, "object_id": "4", "object_repr": "교내대회", "action_flag": 1, "change_message": "[{\"added\": {}}]"}}, {"model": "admin.logentry", "pk": 7, "fields": {"action_time": "2023-12-05T21:08:00.020Z", "user": 1, "content_type": 9, "object_id": "5", "object_repr": "교외활동", "action_flag": 1, "change_message": "[{\"added\": {}}]"}}, {"model": "admin.logentry", "pk": 8, "fields": {"action_time": "2023-12-05T21:08:04.681Z", "user": 1, "content_type": 9, "object_id": "6", "object_repr": "상담", "action_flag": 1, "change_message": "[{\"added\": {}}]"}}, {"model": "admin.logentry", "pk": 9, "fields": {"action_time": "2023-12-05T21:08:16.587Z", "user": 1, "content_type": 9, "object_id": "7", "object_repr": "자격증", "action_flag": 1, "change_message": "[{\"added\": {}}]"}}, {"model": "admin.logentry", "pk": 10, "fields": {"action_time": "2023-12-05T21:08:20.953Z", "user": 1, "content_type": 9, "object_id": "8", "object_repr": "기타", "action_flag": 1, "change_message": "[{\"added\": {}}]"}}, {"model": "admin.logentry", "pk": 11, "fields": {"action_time": "2023-12-05T21:08:59.787Z", "user": 1, "content_type": 7, "object_id": "1", "object_repr": "[1] 2023학년도 일대일 글쓰기 상담 프로그램", "action_flag": 2, "change_message": "[{\"changed\": {\"fields\": [\"Title\", \"Starttime\", \"Endtime\", \"Category\", \"Tagtype\", \"Tagteam\", \"Image\", \"Delight link\"]}}]"}}, {"model": "admin.logentry", "pk": 12, "fields": {"action_time": "2023-12-05T21:09:58.050Z", "user": 1, "content_type": 7, "object_id": "2", "object_repr": "[2] 사이버보안전공 제1회 졸업작품전시회 전시도우미", "action_flag": 1, "change_message": "[{\"added\": {}}]"}}, {"model": "admin.logentry", "pk": 13, "fields": {"action_time": "2023-12-05T21:11:26.875Z", "user": 1, "content_type": 7, "object_id": "3", "object_repr": "[3] 2023-동계 DS 영어집중프로그램", "action_flag": 1, "change_message": "[{\"added\": {}}]"}}, {"model": "admin.logentry", "pk": 14, "fields": {"action_time": "2023-12-05T21:12:17.063Z", "user": 1, "content_type": 7, "object_id": "4", "object_repr": "[4] 2023학년도 컴퓨팅사고 융합경진대회", "action_flag": 1, "change_message": "[{\"added\": {}}]"}}, {"model": "admin.logentry", "pk": 15, "fields": {"action_time": "2023-12-05T21:14:25.043Z", "user": 1, "content_type": 7, "object_id": "5", "object_repr": "[5] 2023-2 도봉문화원-덕성여대 연합 학술대회 '세대를 흐르는 지역문화'", "action_flag": 1, "change_message": "[{\"added\": {}}]"}}, {"model": "admin.logentry", "pk": 16, "fields": {"action_time": "2023-12-05T21:15:22.425Z", "user": 1, "content_type": 7, "object_id": "6", "object_repr": "[6] 2023학년도 캡스톤디자인 경연대회 참가", "action_flag": 1, "change_message": "[{\"added\": {}}]"}}, {"model": "admin.logentry", "pk": 17, "fields": {"action_time": "2023-12-05T21:16:17.851Z", "user": 1, "content_type": 7, "object_id": "7", "object_repr": "[7] 2023학년도 2학기 진로길라JOB이(캐치업프로그램)", "action_flag": 1, "change_message": "[{\"added\": {}}]"}}, {"model": "admin.logentry", "pk": 18, "fields": {"action_time": "2023-12-05T21:17:00.385Z", "user": 1, "content_type": 7, "object_id": "8", "object_repr": "[8] 2023년 재학생 스마트폰 과의존 예방교육", "action_flag": 1, "change_message": "[{\"added\": {}}]"}}, {"model": "admin.logentry", "pk": 19, "fields": {"action_time": "2023-12-05T21:18:18.895Z", "user": 1, "content_type": 7, "object_id": "9", "object_repr": "[9] 2023년 2학기 심리상담", "action_flag": 1, "change_message": "[{\"added\": {}}]"}}, {"model": "admin.logentry", "pk": 20, "fields": {"action_time": "2023-12-05T21:19:02.767Z", "user": 1, "content_type": 7, "object_id": "10", "object_repr": "[10] 2023학년도 동계 글로벌챌린저", "action_flag": 1, "change_message": "[{\"added\": {}}]"}}, {"model": "admin.logentry", "pk": 21, "fields": {"action_time": "2023-12-05T21:19:52.147Z", "user": 1, "content_type": 7, "object_id": "11", "object_repr": "[11] 제56회 독서카페 '책과 함께하는 상상여행'", "action_flag": 1, "change_message": "[{\"added\": {}}]"}}, {"model": "admin.logentry", "pk": 22, "fields": {"action_time": "2023-12-05T21:20:57.755Z", "user": 1, "content_type": 7, "object_id": "12", "object_repr": "[12] 2023학년도 2학기 장애인식개선 행사 <이창진 강사 초청강연>", "action_flag": 1, "change_message": "[{\"added\": {}}]"}}, {"model": "admin.logentry", "pk": 23, "fields": {"action_time": "2023-12-05T21:21:47.866Z", "user": 1, "content_type": 7, "object_id": "13", "object_repr": "[13] 2023학년도 2학기 제9회 장애학생 힐링캠프 <장애관련 영화 '원더'>", "action_flag": 1, "change_message": "[{\"added\": {}}]"}}, {"model": "admin.logentry", "pk": 24, "fields": {"action_time": "2023-12-05T21:22:27.100Z", "user": 1, "content_type": 7, "object_id": "14", "object_repr": "[14] 2023 사회복지학전공 홈커밍데이 취업콘서트", "action_flag": 1, "change_message": "[{\"added\": {}}]"}}, {"model": "admin.logentry", "pk": 25, "fields": {"action_time": "2023-12-05T21:23:40.915Z", "user": 1, "content_type": 7, "object_id": "15", "object_repr": "[15] 2023학년도 덕성 TED 프레젠테이션 경진대회", "action_flag": 1, "change_message": "[{\"added\": {}}]"}}, {"model": "admin.logentry", "pk": 26, "fields": {"action_time": "2023-12-05T21:24:32.440Z", "user": 1, "content_type": 11, "object_id": "1", "object_repr": "러닝 투게더", "action_flag": 1, "change_message": "[{\"added\": {}}]"}}, {"model": "admin.logentry", "pk": 27, "fields": {"action_time": "2023-12-05T21:24:39.131Z", "user": 1, "content_type": 11, "object_id": "2", "object_repr": "글로벌 챌린지", "action_flag": 1, "change_message": "[{\"added\": {}}]"}}, {"model": "admin.logentry", "pk": 28, "fields": {"action_time": "2023-12-05T21:24:43.033Z", "user": 1, "content_type": 11, "object_id": "3", "object_repr": "덕성 챌린지", "action_flag": 1, "change_message": "[{\"added\": {}}]"}}, {"model": "admin.logentry", "pk": 29, "fields": {"action_time": "2023-12-05T21:24:53.857Z", "user": 1, "content_type": 13, "object_id": "1", "object_repr": "언어", "action_flag": 1, "change_message": "[{\"added\": {}}]"}}, {"model": "admin.logentry", "pk": 30, "fields": {"action_time": "2023-12-05T21:24:59.631Z", "user": 1, "content_type": 13, "object_id": "2", "object_repr": "자격증/시험", "action_flag": 1, "change_message": "[{\"added\": {}}]"}}, {"model": "admin.logentry", "pk": 31, "fields": {"action_time": "2023-12-05T21:25:17.714Z", "user": 1, "content_type": 13, "object_id": "3", "object_repr": "교과목", "action_flag": 1, "change_message": "[{\"added\": {}}]"}}, {"model": "admin.logentry", "pk": 32, "fields": {"action_time": "2023-12-05T21:25:22.449Z", "user": 1, "content_type": 13, "object_id": "4", "object_repr": "독서", "action_flag": 1, "change_message": "[{\"added\": {}}]"}}, {"model": "admin.logentry", "pk": 33, "fields": {"action_time": "2023-12-05T21:25:27.335Z", "user": 1, "content_type": 13, "object_id": "5", "object_repr": "기타", "action_flag": 1, "change_message": "[{\"added\": {}}]"}}, {"model": "admin.logentry", "pk": 34, "fields": {"action_time": "2023-12-05T21:25:33.478Z", "user": 1, "content_type": 13, "object_id": "6", "object_repr": "아시아", "action_flag": 1, "change_message": "[{\"added\": {}}]"}}, {"model": "admin.logentry", "pk": 35, "fields": {"action_time": "2023-12-05T21:25:39.296Z", "user": 1, "content_type": 13, "object_id": "7", "object_repr": "유럽", "action_flag": 1, "change_message": "[{\"added\": {}}]"}}, {"model": "admin.logentry", "pk": 36, "fields": {"action_time": "2023-12-05T21:25:44.744Z", "user": 1, "content_type": 13, "object_id": "8", "object_repr": "아프리카", "action_flag": 1, "change_message": "[{\"added\": {}}]"}}, {"model": "admin.logentry", "pk": 37, "fields": {"action_time": "2023-12-05T21:25:50.261Z", "user": 1, "content_type": 13, "object_id": "9", "object_repr": "북아메리카", "action_flag": 1, "change_message": "[{\"added\": {}}]"}}, {"model": "admin.logentry", "pk": 38, "fields": {"action_time": "2023-12-05T21:25:56.527Z", "user": 1, "content_type": 13, "object_id": "10", "object_repr": "남아메리카", "action_flag": 1, "change_message": "[{\"added\": {}}]"}}, {"model": "admin.logentry", "pk": 39, "fields": {"action_time": "2023-12-05T21:26:02.574Z", "user": 1, "content_type": 13, "object_id": "11", "object_repr": "오세아니아", "action_flag": 1, "change_message": "[{\"added\": {}}]"}}, {"model": "admin.logentry", "pk": 40, "fields": {"action_time": "2023-12-05T21:26:12.516Z", "user": 1, "content_type": 13, "object_id": "12", "object_repr": "공모전/학회", "action_flag": 1, "change_message": "[{\"added\": {}}]"}}, {"model": "admin.logentry", "pk": 41, "fields": {"action_time": "2023-12-05T21:26:19.349Z", "user": 1, "content_type": 13, "object_id": "13", "object_repr": "어플리케이션 개발", "action_flag": 1, "change_message": "[{\"added\": {}}]"}}, {"model": "admin.logentry", "pk": 42, "fields": {"action_time": "2023-12-05T21:26:28.514Z", "user": 1, "content_type": 13, "object_id": "14", "object_repr": "자기계발", "action_flag": 1, "change_message": "[{\"added\": {}}]"}}, {"model": "auth.permission", "pk": 1, "fields": {"name": "Can add log entry", "content_type": 1, "codename": "add_logentry"}}, {"model": "auth.permission", "pk": 2, "fields": {"name": "Can change log entry", "content_type": 1, "codename": "change_logentry"}}, {"model": "auth.permission", "pk": 3, "fields": {"name": "Can delete log entry", "content_type": 1, "codename": "delete_logentry"}}, {"model": "auth.permission", "pk": 4, "fields": {"name": "Can view log entry", "content_type": 1, "codename": "view_logentry"}}, {"model": "auth.permission", "pk": 5, "fields": {"name": "Can add permission", "content_type": 2, "codename": "add_permission"}}, {"model": "auth.permission", "pk": 6, "fields": {"name": "Can change permission", "content_type": 2, "codename": "change_permission"}}, {"model": "auth.permission", "pk": 7, "fields": {"name": "Can delete permission", "content_type": 2, "codename": "delete_permission"}}, {"model": "auth.permission", "pk": 8, "fields": {"name": "Can view permission", "content_type": 2, "codename": "view_permission"}}, {"model": "auth.permission", "pk": 9, "fields": {"name": "Can add group", "content_type": 3, "codename": "add_group"}}, {"model": "auth.permission", "pk": 10, "fields": {"name": "Can change group", "content_type": 3, "codename": "change_group"}}, {"model": "auth.permission", "pk": 11, "fields": {"name": "Can delete group", "content_type": 3, "codename": "delete_group"}}, {"model": "auth.permission", "pk": 12, "fields": {"name": "Can view group", "content_type": 3, "codename": "view_group"}}, {"model": "auth.permission", "pk": 13, "fields": {"name": "Can add user", "content_type": 4, "codename": "add_user"}}, {"model": "auth.permission", "pk": 14, "fields": {"name": "Can change user", "content_type": 4, "codename": "change_user"}}, {"model": "auth.permission", "pk": 15, "fields": {"name": "Can delete user", "content_type": 4, "codename": "delete_user"}}, {"model": "auth.permission", "pk": 16, "fields": {"name": "Can view user", "content_type": 4, "codename": "view_user"}}, {"model": "auth.permission", "pk": 17, "fields": {"name": "Can add content type", "content_type": 5, "codename": "add_contenttype"}}, {"model": "auth.permission", "pk": 18, "fields": {"name": "Can change content type", "content_type": 5, "codename": "change_contenttype"}}, {"model": "auth.permission", "pk": 19, "fields": {"name": "Can delete content type", "content_type": 5, "codename": "delete_contenttype"}}, {"model": "auth.permission", "pk": 20, "fields": {"name": "Can view content type", "content_type": 5, "codename": "view_contenttype"}}, {"model": "auth.permission", "pk": 21, "fields": {"name": "Can add session", "content_type": 6, "codename": "add_session"}}, {"model": "auth.permission", "pk": 22, "fields": {"name": "Can change session", "content_type": 6, "codename": "change_session"}}, {"model": "auth.permission", "pk": 23, "fields": {"name": "Can delete session", "content_type": 6, "codename": "delete_session"}}, {"model": "auth.permission", "pk": 24, "fields": {"name": "Can view session", "content_type": 6, "codename": "view_session"}}, {"model": "auth.permission", "pk": 25, "fields": {"name": "Can add guide", "content_type": 7, "codename": "add_guide"}}, {"model": "auth.permission", "pk": 26, "fields": {"name": "Can change guide", "content_type": 7, "codename": "change_guide"}}, {"model": "auth.permission", "pk": 27, "fields": {"name": "Can delete guide", "content_type": 7, "codename": "delete_guide"}}, {"model": "auth.permission", "pk": 28, "fields": {"name": "Can view guide", "content_type": 7, "codename": "view_guide"}}, {"model": "auth.permission", "pk": 29, "fields": {"name": "Can add category", "content_type": 8, "codename": "add_category"}}, {"model": "auth.permission", "pk": 30, "fields": {"name": "Can change category", "content_type": 8, "codename": "change_category"}}, {"model": "auth.permission", "pk": 31, "fields": {"name": "Can delete category", "content_type": 8, "codename": "delete_category"}}, {"model": "auth.permission", "pk": 32, "fields": {"name": "Can view category", "content_type": 8, "codename": "view_category"}}, {"model": "auth.permission", "pk": 33, "fields": {"name": "Can add tag type", "content_type": 9, "codename": "add_tagtype"}}, {"model": "auth.permission", "pk": 34, "fields": {"name": "Can change tag type", "content_type": 9, "codename": "change_tagtype"}}, {"model": "auth.permission", "pk": 35, "fields": {"name": "Can delete tag type", "content_type": 9, "codename": "delete_tagtype"}}, {"model": "auth.permission", "pk": 36, "fields": {"name": "Can view tag type", "content_type": 9, "codename": "view_tagtype"}}, {"model": "auth.permission", "pk": 37, "fields": {"name": "Can add tag team", "content_type": 10, "codename": "add_tagteam"}}, {"model": "auth.permission", "pk": 38, "fields": {"name": "Can change tag team", "content_type": 10, "codename": "change_tagteam"}}, {"model": "auth.permission", "pk": 39, "fields": {"name": "Can delete tag team", "content_type": 10, "codename": "delete_tagteam"}}, {"model": "auth.permission", "pk": 40, "fields": {"name": "Can view tag team", "content_type": 10, "codename": "view_tagteam"}}, {"model": "auth.permission", "pk": 41, "fields": {"name": "Can add main category", "content_type": 11, "codename": "add_maincategory"}}, {"model": "auth.permission", "pk": 42, "fields": {"name": "Can change main category", "content_type": 11, "codename": "change_maincategory"}}, {"model": "auth.permission", "pk": 43, "fields": {"name": "Can delete main category", "content_type": 11, "codename": "delete_maincategory"}}, {"model": "auth.permission", "pk": 44, "fields": {"name": "Can view main category", "content_type": 11, "codename": "view_maincategory"}}, {"model": "auth.permission", "pk": 45, "fields": {"name": "Can add tag", "content_type": 12, "codename": "add_tag"}}, {"model": "auth.permission", "pk": 46, "fields": {"name": "Can change tag", "content_type": 12, "codename": "change_tag"}}, {"model": "auth.permission", "pk": 47, "fields": {"name": "Can delete tag", "content_type": 12, "codename": "delete_tag"}}, {"model": "auth.permission", "pk": 48, "fields": {"name": "Can view tag", "content_type": 12, "codename": "view_tag"}}, {"model": "auth.permission", "pk": 49, "fields": {"name": "Can add sub category", "content_type": 13, "codename": "add_subcategory"}}, {"model": "auth.permission", "pk": 50, "fields": {"name": "Can change sub category", "content_type": 13, "codename": "change_subcategory"}}, {"model": "auth.permission", "pk": 51, "fields": {"name": "Can delete sub category", "content_type": 13, "codename": "delete_subcategory"}}, {"model": "auth.permission", "pk": 52, "fields": {"name": "Can view sub category", "content_type": 13, "codename": "view_subcategory"}}, {"model": "auth.permission", "pk": 53, "fields": {"name": "Can add team matching post", "content_type": 14, "codename": "add_teammatchingpost"}}, {"model": "auth.permission", "pk": 54, "fields": {"name": "Can change team matching post", "content_type": 14, "codename": "change_teammatchingpost"}}, {"model": "auth.permission", "pk": 55, "fields": {"name": "Can delete team matching post", "content_type": 14, "codename": "delete_teammatchingpost"}}, {"model": "auth.permission", "pk": 56, "fields": {"name": "Can view team matching post", "content_type": 14, "codename": "view_teammatchingpost"}}, {"model": "auth.permission", "pk": 57, "fields": {"name": "Can add comment", "content_type": 15, "codename": "add_comment"}}, {"model": "auth.permission", "pk": 58, "fields": {"name": "Can change comment", "content_type": 15, "codename": "change_comment"}}, {"model": "auth.permission", "pk": 59, "fields": {"name": "Can delete comment", "content_type": 15, "codename": "delete_comment"}}, {"model": "auth.permission", "pk": 60, "fields": {"name": "Can view comment", "content_type": 15, "codename": "view_comment"}}, {"model": "auth.user", "pk": 1, "fields": {"password": "pbkdf2_sha256$720000$0yt3nSaO7HRbASxvkMCxcg$ESDl2KUBeFrlRghboDeXK0MRZbf++J7EdzeKmN4ZSjc=", "last_login": "2023-12-05T21:06:00.113Z", "is_superuser": true, "username": "miju", "first_name": "", "last_name": "", "email": "", "is_staff": true, "is_active": true, "date_joined": "2023-12-05T03:28:42.053Z", "groups": [], "user_permissions": []}}, {"model": "contenttypes.contenttype", "pk": 1, "fields": {"app_label": "admin", "model": "logentry"}}, {"model": "contenttypes.contenttype", "pk": 2, "fields": {"app_label": "auth", "model": "permission"}}, {"model": "contenttypes.contenttype", "pk": 3, "fields": {"app_label": "auth", "model": "group"}}, {"model": "contenttypes.contenttype", "pk": 4, "fields": {"app_label": "auth", "model": "user"}}, {"model": "contenttypes.contenttype", "pk": 5, "fields": {"app_label": "contenttypes", "model": "contenttype"}}, {"model": "contenttypes.contenttype", "pk": 6, "fields": {"app_label": "sessions", "model": "session"}}, {"model": "contenttypes.contenttype", "pk": 7, "fields": {"app_label": "guide", "model": "guide"}}, {"model": "contenttypes.contenttype", "pk": 8, "fields": {"app_label": "guide", "model": "category"}}, {"model": "contenttypes.contenttype", "pk": 9, "fields": {"app_label": "guide", "model": "tagtype"}}, {"model": "contenttypes.contenttype", "pk": 10, "fields": {"app_label": "guide", "model": "tagteam"}}, {"model": "contenttypes.contenttype", "pk": 11, "fields": {"app_label": "team", "model": "maincategory"}}, {"model": "contenttypes.contenttype", "pk": 12, "fields": {"app_label": "team", "model": "tag"}}, {"model": "contenttypes.contenttype", "pk": 13, "fields": {"app_label": "team", "model": "subcategory"}}, {"model": "contenttypes.contenttype", "pk": 14, "fields": {"app_label": "team", "model": "teammatchingpost"}}, {"model": "contenttypes.contenttype", "pk": 15, "fields": {"app_label": "team", "model": "comment"}}, {"model": "sessions.session", "pk": "86mo3j1qps8agq3v5lqlbchyu78ewnwq", "fields": {"session_data": ".eJxVjMEOwiAQRP-FsyEsW3Tr0bvf0CwsSNVAUtqT8d-VpAc9TTLvzbzUxNuap63FZZpFnRWow2_nOTxi6UDuXG5Vh1rWZfa6K3qnTV-rxOdld_8OMrf8XRMDGSMDMPRAN5JITDYlf_QwRKKAybIRphOgQZTgHBKM0YNHK-r9AdpeN7Y:1rAccC:-YAiGqRfXhl_ladOPBZzvfUaf1yP6-qI5oMb_qM8qJk", "expire_date": "2023-12-19T21:06:00.115Z"}}, {"model": "guide.category", "pk": 1, "fields": {"name": "장학금O", "slug": "장학금o"}}, {"model": "guide.category", "pk": 2, "fields": {"name": "장학금X", "slug": "장학금x"}}, {"model": "guide.tagtype", "pk": 1, "fields": {"name": "대면", "slug": "대면"}}, {"model": "guide.tagtype", "pk": 2, "fields": {"name": "비대면", "slug": "비대면"}}, {"model": "guide.tagtype", "pk": 3, "fields": {"name": "e-러닝", "slug": "e-러닝"}}, {"model": "guide.tagtype", "pk": 4, "fields": {"name": "교내대회", "slug": "교내대회"}}, {"model": "guide.tagtype", "pk": 5, "fields": {"name": "교외활동", "slug": "교외활동"}}, {"model": "guide.tagtype", "pk": 6, "fields": {"name": "상담", "slug": "상담"}}, {"model": "guide.tagtype", "pk": 7, "fields": {"name": "자격증", "slug": "자격증"}}, {"model": "guide.tagtype", "pk": 8, "fields": {"name": "기타", "slug": "기타"}}, {"model": "guide.tagteam", "pk": 1, "fields": {"name": "팀", "slug": "팀"}}, {"model": "guide.tagteam", "pk": 2, "fields": {"name": "개인", "slug": "개인"}}, {"model": "guide.guide", "pk": 1, "fields": {"title": "2023학년도 일대일 글쓰기 상담 프로그램", "starttime": "2023-11-27T00:00:00Z", "endtime": "2023-12-10T00:00:00Z", "category": 2, "image": "https://delight.duksung.ac.kr/attachment/view/20071/cover.jpg?ts=1700787089", "delight_link": "https://delight.duksung.ac.kr/ko/program/all/view/882", "tagtype": [2, 6], "tagteam": [2]}}, {"model": "guide.guide", "pk": 2, "fields": {"title": "사이버보안전공 제1회 졸업작품전시회 전시도우미", "starttime": "2023-11-27T00:00:00Z", "endtime": "2023-12-12T17:00:00Z", "category": 2, "image": "https://delight.duksung.ac.kr/attachment/view/26034/cover.jpg?ts=1701743048", "delight_link": "https://delight.duksung.ac.kr/ko/program/all/view/1193", "tagtype": [8], "tagteam": [2]}}, {"model": "guide.guide", "pk": 3, "fields": {"title": "2023-동계 DS 영어집중프로그램", "starttime": "2023-12-05T01:00:00Z", "endtime": "2023-12-17T14:45:00Z", "category": null, "image": "https://delight.duksung.ac.kr/attachment/view/26248/cover.jpg?ts=1701674487", "delight_link": "https://delight.duksung.ac.kr/ko/program/all/view/1212", "tagtype": [2], "tagteam": [2]}}, {"model": "guide.guide", "pk": 4, "fields": {"title": "2023학년도 컴퓨팅사고 융합경진대회", "starttime": "2023-11-30T15:00:00Z", "endtime": "2023-12-18T14:45:00Z", "category": 1, "image": "https://delight.duksung.ac.kr/attachment/view/25821/cover.jpg?ts=1701327988", "delight_link": "https://delight.duksung.ac.kr/attachment/view/25821/cover.jpg?ts=1701327988", "tagtype": [4], "tagteam": [1, 2]}}, {"model": "guide.guide", "pk": 5, "fields": {"title": "2023-2 도봉문화원-덕성여대 연합 학술대회 '세대를 흐르는 지역문화'", "starttime": "2023-12-04T00:00:00Z", "endtime": "2023-12-19T06:00:00Z", "category": 2, "image": "https://delight.duksung.ac.kr/attachment/view/26222/cover.jpg?ts=1701651815", "delight_link": "https://delight.duksung.ac.kr/ko/program/all/view/1208", "tagtype": [1, 8], "tagteam": [2]}}, {"model": "guide.guide", "pk": 6, "fields": {"title": "2023학년도 캡스톤디자인 경연대회 참가", "starttime": "2023-11-26T15:00:00Z", "endtime": "2023-12-22T14:45:00Z", "category": 2, "image": "https://delight.duksung.ac.kr/attachment/view/26030/cover.jpg?ts=1701132885", "delight_link": "https://delight.duksung.ac.kr/ko/program/all/view/1207", "tagtype": [4], "tagteam": [1]}}, {"model": "guide.guide", "pk": 7, "fields": {"title": "2023학년도 2학기 진로길라JOB이(캐치업프로그램)", "starttime": "2023-09-01T00:00:00Z", "endtime": "2023-12-29T00:00:00Z", "category": 2, "image": "https://delight.duksung.ac.kr/attachment/view/23342/cover.jpg?ts=1698282128", "delight_link": "https://delight.duksung.ac.kr/ko/program/all/view/1090", "tagtype": [1, 6], "tagteam": [2]}}, {"model": "guide.guide", "pk": 8, "fields": {"title": "2023년 재학생 스마트폰 과의존 예방교육", "starttime": "2023-03-05T15:00:00Z", "endtime": "2023-12-30T15:00:00Z", "category": 2, "image": "https://delight.duksung.ac.kr/attachment/view/20097/cover.jpg?ts=1698733956", "delight_link": "https://delight.duksung.ac.kr/ko/program/all/view/892", "tagtype": [3], "tagteam": [2]}}, {"model": "guide.guide", "pk": 9, "fields": {"title": "2023년 2학기 심리상담", "starttime": "2023-09-01T00:00:00Z", "endtime": "2023-12-31T14:45:00Z", "category": 2, "image": "https://delight.duksung.ac.kr/attachment/view/23379/cover.jpg?ts=1698300512", "delight_link": "https://delight.duksung.ac.kr/ko/program/all/view/1098", "tagtype": [6], "tagteam": [2]}}, {"model": "guide.guide", "pk": 10, "fields": {"title": "2023학년도 동계 글로벌챌린저", "starttime": "2023-10-16T00:00:00Z", "endtime": "2023-10-20T14:59:00Z", "category": 1, "image": "https://delight.duksung.ac.kr/attachment/view/24198/cover.jpg?ts=1698713128", "delight_link": "https://delight.duksung.ac.kr/ko/program/all/view/1129", "tagtype": [5], "tagteam": [1]}}, {"model": "guide.guide", "pk": 11, "fields": {"title": "제56회 독서카페 '책과 함께하는 상상여행'", "starttime": "2023-11-13T15:00:00Z", "endtime": "2023-11-30T00:00:00Z", "category": null, "image": "https://delight.duksung.ac.kr/attachment/view/25832/cover.jpg?ts=1699859486", "delight_link": "https://delight.duksung.ac.kr/ko/program/all/view/1185", "tagtype": [1, 2], "tagteam": [2]}}, {"model": "guide.guide", "pk": 12, "fields": {"title": "2023학년도 2학기 장애인식개선 행사 <이창진 강사 초청강연>", "starttime": "2023-11-13T06:00:00Z", "endtime": "2023-11-30T00:00:00Z", "category": 2, "image": "https://delight.duksung.ac.kr/attachment/view/25905/cover.jpg?ts=1701241500", "delight_link": "https://delight.duksung.ac.kr/ko/program/all/view/1180", "tagtype": [1], "tagteam": [2]}}, {"model": "guide.guide", "pk": 13, "fields": {"title": "2023학년도 2학기 제9회 장애학생 힐링캠프 <장애관련 영화 '원더'>", "starttime": "2023-11-13T06:00:00Z", "endtime": "2023-11-24T14:45:00Z", "category": 2, "image": "https://delight.duksung.ac.kr/attachment/view/25901/cover.jpg?ts=1700791213", "delight_link": "https://delight.duksung.ac.kr/ko/program/all/view/1183", "tagtype": [1], "tagteam": [2]}}, {"model": "guide.guide", "pk": 14, "fields": {"title": "2023 사회복지학전공 홈커밍데이 취업콘서트", "starttime": "2023-11-21T15:00:00Z", "endtime": "2023-11-25T00:00:00Z", "category": 2, "image": "https://delight.duksung.ac.kr/attachment/view/25993/cover.jpg?ts=1700636663", "delight_link": "https://delight.duksung.ac.kr/ko/program/all/view/1205", "tagtype": [1], "tagteam": [2]}}, {"model": "guide.guide", "pk": 15, "fields": {"title": "2023학년도 덕성 TED 프레젠테이션 경진대회", "starttime": "2023-11-10T07:30:00Z", "endtime": "2023-12-24T06:30:00Z", "category": 1, "image": "https://delight.duksung.ac.kr/attachment/view/25880/cover.jpg?ts=1700715625", "delight_link": "https://delight.duksung.ac.kr/ko/program/all/view/1184", "tagtype": [4], "tagteam": [1, 2]}}, {"model": "team.maincategory", "pk": 1, "fields": {"name": "러닝 투게더", "slug": "러닝-투게더"}}, {"model": "team.maincategory", "pk": 2, "fields": {"name": "글로벌 챌린지", "slug": "글로벌-챌린지"}}, {"model": "team.maincategory", "pk": 3, "fields": {"name": "덕성 챌린지", "slug": "덕성-챌린지"}}, {"model": "team.subcategory", "pk": 1, "fields": {"name": "언어", "slug": "언어", "main_category": 1}}, {"model": "team.subcategory", "pk": 2, "fields": {"name": "자격증/시험", "slug": "자격증시험", "main_category": 1}}, {"model": "team.subcategory", "pk": 3, "fields": {"name": "교과목", "slug": "교과목", "main_category": 1}}, {"model": "team.subcategory", "pk": 4, "fields": {"name": "독서", "slug": "독서", "main_category": 1}}, {"model": "team.subcategory", "pk": 5, "fields": {"name": "기타", "slug": "기타", "main_category": 1}}, {"model": "team.subcategory", "pk": 6, "fields": {"name": "아시아", "slug": "아시아", "main_category": 2}}, {"model": "team.subcategory", "pk": 7, "fields": {"name": "유럽", "slug": "유럽", "main_category": 2}}, {"model": "team.subcategory", "pk": 8, "fields": {"name": "아프리카", "slug": "아프리카", "main_category": 2}}, {"model": "team.subcategory", "pk": 9, "fields": {"name": "북아메리카", "slug": "북아메리카", "main_category": 2}}, {"model": "team.subcategory", "pk": 10, "fields": {"name": "남아메리카", "slug": "남아메리카", "main_category": 2}}, {"model": "team.subcategory", "pk": 11, "fields": {"name": "오세아니아", "slug": "오세아니아", "main_category": 2}}, {"model": "team.subcategory", "pk": 12, "fields": {"name": "공모전/학회", "slug": "공모전학회", "main_category": 3}}, {"model": "team.subcategory", "pk": 13, "fields": {"name": "어플리케이션 개발", "slug": "어플리케이션-개발", "main_category": 3}}, {"model": "team.subcategory", "pk": 14, "fields": {"name": "자기계발", "slug": "자기계발", "main_category": 3}}, {"model": "team.teammatchingpost", "pk": 1, "fields": {"title": "테스트", "hook_text": "테스트", "content": "테스트테스트테스트", "created_at": "2023-12-05T03:34:49.671Z", "updated_at": "2023-12-05T03:34:49.671Z", "author": 1, "main_category": null, "sub_category": null, "tags": []}}]