[
{
    "model": "auth.user",
    "fields": {
        "password": "pbkdf2_sha256$720000$0yt3nSaO7HRbASxvkMCxcg$ESDl2KUBeFrlRghboDeXK0MRZbf++J7EdzeKmN4ZSjc=",
        "last_login": "2023-12-05T21:06:00.113Z",
        "is_superuser": true,
        "username": "miju",
        "first_name": "",
        "last_name": "",
        "email": "",
        "is_staff": true,
        "is_active": true,
        "date_joined": "2023-12-05T03:28:42.053Z",
        "groups": [],
        "user_permissions": []
    }
},
{
    "model": "guide.category",
    "pk": 1,
    "fields": {
        "name": "장학금O",
        "slug": "장학금o"
    }
},
{
    "model": "guide.category",
    "pk": 2,
    "fields": {
        "name": "장학금X",
        "slug": "장학금x"
    }
},
{
    "model": "guide.tagtype",
    "pk": 1,
    "fields": {
        "name": "대면",
        "slug": "대면"
    }
},
{
    "model": "guide.tagtype",
    "pk": 2,
    "fields": {
        "name": "비대면",
        "slug": "비대면"
    }
},
{
    "model": "guide.tagtype",
    "pk": 3,
    "fields": {
        "name": "e-러닝",
        "slug": "e-러닝"
    }
},
{
    "model": "guide.tagtype",
    "pk": 4,
    "fields": {
        "name": "교내대회",
        "slug": "교내대회"
    }
},
{
    "model": "guide.tagtype",
    "pk": 5,
    "fields": {
        "name": "교외활동",
        "slug": "교외활동"
    }
},
{
    "model": "guide.tagtype",
    "pk": 6,
    "fields": {
        "name": "상담",
        "slug": "상담"
    }
},
{
    "model": "guide.tagtype",
    "pk": 7,
    "fields": {
        "name": "자격증",
        "slug": "자격증"
    }
},
{
    "model": "guide.tagtype",
    "pk": 8,
    "fields": {
        "name": "기타",
        "slug": "기타"
    }
},
{
    "model": "guide.tagteam",
    "pk": 1,
    "fields": {
        "name": "팀",
        "slug": "팀"
    }
},
{
    "model": "guide.tagteam",
    "pk": 2,
    "fields": {
        "name": "개인",
        "slug": "개인"
    }
},
{
    "model": "guide.guide",
    "pk": 1,
    "fields": {
        "title": "2023학년도 일대일 글쓰기 상담 프로그램",
        "starttime": "2023-11-27T00:00:00Z",
        "endtime": "2023-12-10T00:00:00Z",
        "category": 2,
        "image": "https://delight.duksung.ac.kr/attachment/view/20071/cover.jpg?ts=1700787089",
        "delight_link": "https://delight.duksung.ac.kr/ko/program/all/view/882",
        "tagtype": [
            2,
            6
        ],
        "tagteam": [
            2
        ]
    }
},
{
    "model": "guide.guide",
    "pk": 2,
    "fields": {
        "title": "사이버보안전공 제1회 졸업작품전시회 전시도우미",
        "starttime": "2023-11-27T00:00:00Z",
        "endtime": "2023-12-12T17:00:00Z",
        "category": 2,
        "image": "https://delight.duksung.ac.kr/attachment/view/26034/cover.jpg?ts=1701743048",
        "delight_link": "https://delight.duksung.ac.kr/ko/program/all/view/1193",
        "tagtype": [
            8
        ],
        "tagteam": [
            2
        ]
    }
},
{
    "model": "guide.guide",
    "pk": 3,
    "fields": {
        "title": "2023-동계 DS 영어집중프로그램",
        "starttime": "2023-12-05T01:00:00Z",
        "endtime": "2023-12-17T14:45:00Z",
        "category": null,
        "image": "https://delight.duksung.ac.kr/attachment/view/26248/cover.jpg?ts=1701674487",
        "delight_link": "https://delight.duksung.ac.kr/ko/program/all/view/1212",
        "tagtype": [
            2
        ],
        "tagteam": [
            2
        ]
    }
},
{
    "model": "guide.guide",
    "pk": 4,
    "fields": {
        "title": "2023학년도 컴퓨팅사고 융합경진대회",
        "starttime": "2023-11-30T15:00:00Z",
        "endtime": "2023-12-18T14:45:00Z",
        "category": 1,
        "image": "https://delight.duksung.ac.kr/attachment/view/25821/cover.jpg?ts=1701327988",
        "delight_link": "https://delight.duksung.ac.kr/attachment/view/25821/cover.jpg?ts=1701327988",
        "tagtype": [
            4
        ],
        "tagteam": [
            1,
            2
        ]
    }
},
{
    "model": "guide.guide",
    "pk": 5,
    "fields": {
        "title": "2023-2 도봉문화원-덕성여대 연합 학술대회 '세대를 흐르는 지역문화'",
        "starttime": "2023-12-04T00:00:00Z",
        "endtime": "2023-12-19T06:00:00Z",
        "category": 2,
        "image": "https://delight.duksung.ac.kr/attachment/view/26222/cover.jpg?ts=1701651815",
        "delight_link": "https://delight.duksung.ac.kr/ko/program/all/view/1208",
        "tagtype": [
            1,
            8
        ],
        "tagteam": [
            2
        ]
    }
},
{
    "model": "guide.guide",
    "pk": 6,
    "fields": {
        "title": "2023학년도 캡스톤디자인 경연대회 참가",
        "starttime": "2023-11-26T15:00:00Z",
        "endtime": "2023-12-22T14:45:00Z",
        "category": 2,
        "image": "https://delight.duksung.ac.kr/attachment/view/26030/cover.jpg?ts=1701132885",
        "delight_link": "https://delight.duksung.ac.kr/ko/program/all/view/1207",
        "tagtype": [
            4
        ],
        "tagteam": [
            1
        ]
    }
},
{
    "model": "guide.guide",
    "pk": 7,
    "fields": {
        "title": "2023학년도 2학기 진로길라JOB이(캐치업프로그램)",
        "starttime": "2023-09-01T00:00:00Z",
        "endtime": "2023-12-29T00:00:00Z",
        "category": 2,
        "image": "https://delight.duksung.ac.kr/attachment/view/23342/cover.jpg?ts=1698282128",
        "delight_link": "https://delight.duksung.ac.kr/ko/program/all/view/1090",
        "tagtype": [
            1,
            6
        ],
        "tagteam": [
            2
        ]
    }
},
{
    "model": "guide.guide",
    "pk": 8,
    "fields": {
        "title": "2023년 재학생 스마트폰 과의존 예방교육",
        "starttime": "2023-03-05T15:00:00Z",
        "endtime": "2023-12-30T15:00:00Z",
        "category": 2,
        "image": "https://delight.duksung.ac.kr/attachment/view/20097/cover.jpg?ts=1698733956",
        "delight_link": "https://delight.duksung.ac.kr/ko/program/all/view/892",
        "tagtype": [
            3
        ],
        "tagteam": [
            2
        ]
    }
},
{
    "model": "guide.guide",
    "pk": 9,
    "fields": {
        "title": "2023년 2학기 심리상담",
        "starttime": "2023-09-01T00:00:00Z",
        "endtime": "2023-12-31T14:45:00Z",
        "category": 2,
        "image": "https://delight.duksung.ac.kr/attachment/view/23379/cover.jpg?ts=1698300512",
        "delight_link": "https://delight.duksung.ac.kr/ko/program/all/view/1098",
        "tagtype": [
            6
        ],
        "tagteam": [
            2
        ]
    }
},
{
    "model": "guide.guide",
    "pk": 10,
    "fields": {
        "title": "2023학년도 동계 글로벌챌린저",
        "starttime": "2023-10-16T00:00:00Z",
        "endtime": "2023-10-20T14:59:00Z",
        "category": 1,
        "image": "https://delight.duksung.ac.kr/attachment/view/24198/cover.jpg?ts=1698713128",
        "delight_link": "https://delight.duksung.ac.kr/ko/program/all/view/1129",
        "tagtype": [
            5
        ],
        "tagteam": [
            1
        ]
    }
},
{
    "model": "guide.guide",
    "pk": 11,
    "fields": {
        "title": "제56회 독서카페 '책과 함께하는 상상여행'",
        "starttime": "2023-11-13T15:00:00Z",
        "endtime": "2023-11-30T00:00:00Z",
        "category": null,
        "image": "https://delight.duksung.ac.kr/attachment/view/25832/cover.jpg?ts=1699859486",
        "delight_link": "https://delight.duksung.ac.kr/ko/program/all/view/1185",
        "tagtype": [
            1,
            2
        ],
        "tagteam": [
            2
        ]
    }
},
{
    "model": "guide.guide",
    "pk": 12,
    "fields": {
        "title": "2023학년도 2학기 장애인식개선 행사 <이창진 강사 초청강연>",
        "starttime": "2023-11-13T06:00:00Z",
        "endtime": "2023-11-30T00:00:00Z",
        "category": 2,
        "image": "https://delight.duksung.ac.kr/attachment/view/25905/cover.jpg?ts=1701241500",
        "delight_link": "https://delight.duksung.ac.kr/ko/program/all/view/1180",
        "tagtype": [
            1
        ],
        "tagteam": [
            2
        ]
    }
},
{
    "model": "guide.guide",
    "pk": 13,
    "fields": {
        "title": "2023학년도 2학기 제9회 장애학생 힐링캠프 <장애관련 영화 '원더'>",
        "starttime": "2023-11-13T06:00:00Z",
        "endtime": "2023-11-24T14:45:00Z",
        "category": 2,
        "image": "https://delight.duksung.ac.kr/attachment/view/25901/cover.jpg?ts=1700791213",
        "delight_link": "https://delight.duksung.ac.kr/ko/program/all/view/1183",
        "tagtype": [
            1
        ],
        "tagteam": [
            2
        ]
    }
},
{
    "model": "guide.guide",
    "pk": 14,
    "fields": {
        "title": "2023 사회복지학전공 홈커밍데이 취업콘서트",
        "starttime": "2023-11-21T15:00:00Z",
        "endtime": "2023-11-25T00:00:00Z",
        "category": 2,
        "image": "https://delight.duksung.ac.kr/attachment/view/25993/cover.jpg?ts=1700636663",
        "delight_link": "https://delight.duksung.ac.kr/ko/program/all/view/1205",
        "tagtype": [
            1
        ],
        "tagteam": [
            2
        ]
    }
},
{
    "model": "guide.guide",
    "pk": 15,
    "fields": {
        "title": "2023학년도 덕성 TED 프레젠테이션 경진대회",
        "starttime": "2023-11-10T07:30:00Z",
        "endtime": "2023-12-24T06:30:00Z",
        "category": 1,
        "image": "https://delight.duksung.ac.kr/attachment/view/25880/cover.jpg?ts=1700715625",
        "delight_link": "https://delight.duksung.ac.kr/ko/program/all/view/1184",
        "tagtype": [
            4
        ],
        "tagteam": [
            1,
            2
        ]
    }
},
{
    "model": "team.maincategory",
    "pk": 1,
    "fields": {
        "name": "러닝 투게더",
        "slug": "러닝-투게더"
    }
},
{
    "model": "team.maincategory",
    "pk": 2,
    "fields": {
        "name": "글로벌 챌린지",
        "slug": "글로벌-챌린지"
    }
},
{
    "model": "team.maincategory",
    "pk": 3,
    "fields": {
        "name": "덕성 챌린지",
        "slug": "덕성-챌린지"
    }
},
{
    "model": "team.subcategory",
    "pk": 1,
    "fields": {
        "name": "언어",
        "slug": "언어",
        "main_category": 1
    }
},
{
    "model": "team.subcategory",
    "pk": 2,
    "fields": {
        "name": "자격증/시험",
        "slug": "자격증시험",
        "main_category": 1
    }
},
{
    "model": "team.subcategory",
    "pk": 3,
    "fields": {
        "name": "교과목",
        "slug": "교과목",
        "main_category": 1
    }
},
{
    "model": "team.subcategory",
    "pk": 4,
    "fields": {
        "name": "독서",
        "slug": "독서",
        "main_category": 1
    }
},
{
    "model": "team.subcategory",
    "pk": 5,
    "fields": {
        "name": "기타",
        "slug": "기타",
        "main_category": 1
    }
},
{
    "model": "team.subcategory",
    "pk": 6,
    "fields": {
        "name": "아시아",
        "slug": "아시아",
        "main_category": 2
    }
},
{
    "model": "team.subcategory",
    "pk": 7,
    "fields": {
        "name": "유럽",
        "slug": "유럽",
        "main_category": 2
    }
},
{
    "model": "team.subcategory",
    "pk": 8,
    "fields": {
        "name": "아프리카",
        "slug": "아프리카",
        "main_category": 2
    }
},
{
    "model": "team.subcategory",
    "pk": 9,
    "fields": {
        "name": "북아메리카",
        "slug": "북아메리카",
        "main_category": 2
    }
},
{
    "model": "team.subcategory",
    "pk": 10,
    "fields": {
        "name": "남아메리카",
        "slug": "남아메리카",
        "main_category": 2
    }
},
{
    "model": "team.subcategory",
    "pk": 11,
    "fields": {
        "name": "오세아니아",
        "slug": "오세아니아",
        "main_category": 2
    }
},
{
    "model": "team.subcategory",
    "pk": 12,
    "fields": {
        "name": "공모전/학회",
        "slug": "공모전학회",
        "main_category": 3
    }
},
{
    "model": "team.subcategory",
    "pk": 13,
    "fields": {
        "name": "어플리케이션 개발",
        "slug": "어플리케이션-개발",
        "main_category": 3
    }
},
{
    "model": "team.subcategory",
    "pk": 14,
    "fields": {
        "name": "자기계발",
        "slug": "자기계발",
        "main_category": 3
    }
},
{
    "model": "team.teammatchingpost",
    "pk": 1,
    "fields": {
        "title": "테스트",
        "hook_text": "테스트",
        "content": "테스트테스트테스트",
        "created_at": "2023-12-05T03:34:49.671Z",
        "updated_at": "2023-12-05T03:34:49.671Z",
        "author": [
            "miju"
        ],
        "main_category": null,
        "sub_category": null,
        "tags": []
    }
}
]
